http://lattes.cnpq.br/5741927083446578,Lider
http://lattes.cnpq.br/8251926321102019,Pesquisador Chefe
http://lattes.cnpq.br/3163503973303585,Pesquisador Chefe
http://lattes.cnpq.br/1389878856201800,Pesquisador Chefe
http://lattes.cnpq.br/9604735363839730,Pesquisador Chefe
http://lattes.cnpq.br/5787714367560837,Pesquisador Chefe
http://lattes.cnpq.br/8656832357507890,PÃ³s-Doutorando
http://lattes.cnpq.br/0597895503932030,Doutorando
http://lattes.cnpq.br/0597895503932030,Doutorando
http://lattes.cnpq.br/6718194378000275,Doutorando
http://lattes.cnpq.br/0920202434621621,Doutorando
http://lattes.cnpq.br/4419120851329555,Doutorando
http://lattes.cnpq.br/8994081789699278,Doutorando
http://lattes.cnpq.br/3335085207320773,Doutorando
http://lattes.cnpq.br/2632487542026298,Doutorando
http://lattes.cnpq.br/5614213528512401,Doutorando
http://lattes.cnpq.br/6068492542856843,Doutorando
http://lattes.cnpq.br/94141868417,Doutorando
http://lattes.cnpq.br/0230120848403425,Doutorando
http://lattes.cnpq.br/3628954816669429,Mestrando
http://lattes.cnpq.br/2907586693521766,Mestrando
http://lattes.cnpq.br/9379461887145589,Mestrando
http://lattes.cnpq.br/1391402769662738,Mestrando
http://lattes.cnpq.br/7650056674924805,Mestrando
http://lattes.cnpq.br/6766389440522985,Colaborador
http://lattes.cnpq.br/8611020242763828,Colaborador
http://lattes.cnpq.br/3431795837830476,Colaborador
http://lattes.cnpq.br/4010781324120944,Colaborador
