https://lattes.cnpq.br/9604735363839730,'Líder',K4708338Y9
https://lattes.cnpq.br/5741927083446578,'Pesquisadores Chefes',K4732532D6
https://lattes.cnpq.br/8251926321102019,'Pesquisadores Chefes',K4164431H8
https://lattes.cnpq.br/3163503973303585,'Pesquisadores Chefes',K4292482H6
https://lattes.cnpq.br/1389878856201800,'Pesquisadores Chefes',K4221510J3
https://lattes.cnpq.br/5787714367560837,'Pesquisadores Convidados',K4706213T9
https://lattes.cnpq.br/8656832357507890,'Voluntários',K4999838P8
https://lattes.cnpq.br/0597895503932030,'Pós-Doutorandos',K4453130J5
https://lattes.cnpq.br/6718194378000275,'Ex-Membros',K4433634T6
https://lattes.cnpq.br/0920202434621621,'Ex-Membros',K4451229Y8
https://lattes.cnpq.br/4419120851329555,'Doutorando',K8203026J0
https://lattes.cnpq.br/8994081789699278,'Doutorando',K4894314U6
https://lattes.cnpq.br/3335085207320773,'Ex-Membros',K4051262E8
https://lattes.cnpq.br/2632487542026298,'Ex-Membros',K4848091H7
https://lattes.cnpq.br/5614213528512401,'Pesquisadores Convidados',K4730061J1
https://lattes.cnpq.br/6068492542856843,'Ex-Membros',K4401708P3
https://lattes.cnpq.br/0230120848403425,'Pesquisadores Convidados',K8707872D1
https://lattes.cnpq.br/3628954816669429,'Ex-Membros',K8032991Y4
https://lattes.cnpq.br/2907586693521766,'Doutorando',K8464934H0
https://lattes.cnpq.br/9379461887145589,'Ex-Membros',K8111873U0
https://lattes.cnpq.br/1391402769662738,'Ex-Membros',K8010213Y1
https://lattes.cnpq.br/7650056674924805,'Ex-Membros',K8461274A2
https://lattes.cnpq.br/6766389440522985,'Colaborador',K4783912A6
https://lattes.cnpq.br/8611020242763828,'Colaborador',K4782473A7
https://lattes.cnpq.br/3431795837830476,'Colaborador',K4782607T9
https://lattes.cnpq.br/4010781324120944,'Colaborador',K4783172T0
